{
    "accum_steps": 1,
    "backbone": null,
    "batch_size": 32,
    "clip": 100.0,
    "copy_listener": false,
    "cuda": false,
    "dataset": "data/shapeworld/",
    "debug": false,
    "dropout": 0.1,
    "embedding_size": 500,
    "epochs": 100,
    "eps": 0.0,
    "eps_anneal": 0.0,
    "git_hash": null,
    "git_unstaged_changes": null,
    "ignore_examples": false,
    "ignore_language": false,
    "joint_training": false,
    "joint_training_lambda": 1.0,
    "listener_hidden_size": 1024,
    "listener_n_layers": 2,
    "listener_only": false,
    "listener_reset_interval": 0,
    "load_shapeworld_into_memory": false,
    "log_interval": 100,
    "lr": 0.0001,
    "max_lang_length": 4,
    "n_examples": null,
    "n_transformer_heads": 8,
    "n_transformer_layers": 2,
    "n_workers": 0,
    "name": "debug",
    "no_cross_eval": false,
    "percent_novel": 1.0,
    "pretrained_feat_model": false,
    "prototype": "average",
    "reference_game": false,
    "reference_game_xent": false,
    "save_interval": 10,
    "share_feat_model": false,
    "softmax_temp": 1.0,
    "softmax_temp_anneal": 0.0,
    "speaker_hidden_size": 1024,
    "speaker_n_layers": 2,
    "tau": 1.0,
    "test_dataset": null,
    "test_n_examples": null,
    "test_percent_novel": 1.0,
    "transformer_lr": null,
    "uniform_weight": 0.0,
    "uniform_weight_anneal": 0.0,
    "use_lang": true,
    "vis": false,
    "vocab_size": 11,
    "wandb": false,
    "wandb_project_name": "cc"
}